{"cameraMode":{"drawMode":0,"name":"Shaded","section":"Shading Mode"},"sceneLighting":true,"audioPlay":false,"sceneViewState":{"showFog":true,"showMaterialUpdate":false,"showSkybox":true,"showFlares":true,"showImageEffects":true,"showParticleSystems":true},"in2DMode":false,"pivot":{"x":21.616474151611329,"y":-20.245548248291017,"z":15.731742858886719},"rotation":{"x":-0.07935459911823273,"y":0.91553795337677,"z":-0.32469427585601809,"w":-0.2237561196088791},"size":93.86016082763672,"orthographic":false}